maintenance_id,truck_id,maintenance_date,maintenance_type,repair_cost,downtime_hours
M0001,T089,2026-01-06 09:01:36.553099,Tyre,28028,18
M0002,T053,2026-07-24 09:01:36.553099,Electrical,26777,40
M0003,T024,2026-05-04 09:01:36.553099,Engine,13658,25
M0004,T082,2025-12-13 09:01:36.553099,Brake,18590,30
M0005,T020,2025-10-05 09:01:36.554099,Oil Change,21608,11
M0006,T044,2026-01-01 09:01:36.554099,Engine,6894,11
M0007,T041,2025-11-14 09:01:36.554099,Engine,27301,39
M0008,T089,2026-03-25 09:01:36.554099,Oil Change,13917,36
M0009,T037,2025-09-17 09:01:36.554099,Tyre,17617,48
M0010,T095,2026-07-03 09:01:36.554099,Brake,16907,17
M0011,T081,2026-06-12 09:01:36.554099,Oil Change,19789,6
M0012,T024,2026-07-27 09:01:36.554099,Brake,3770,7
M0013,T007,2026-07-17 09:01:36.554099,Electrical,16004,34
M0014,T006,2026-05-19 09:01:36.554099,Tyre,23556,37
M0015,T054,2025-11-06 09:01:36.554099,Engine,22941,6
M0016,T059,2026-08-22 09:01:36.554099,Oil Change,10546,46
M0017,T005,2025-10-29 09:01:36.555099,Brake,20603,11
M0018,T046,2026-07-25 09:01:36.555099,Electrical,21297,41
M0019,T033,2025-09-26 09:01:36.555099,Tyre,6839,40
M0020,T041,2026-07-22 09:01:36.555099,Oil Change,4343,13
M0021,T023,2026-07-06 09:01:36.555099,Oil Change,13707,18
M0022,T032,2026-05-27 09:01:36.555099,Electrical,15889,13
M0023,T021,2026-09-06 09:01:36.555099,Tyre,29087,20
M0024,T020,2026-07-05 09:01:36.555099,Engine,13310,13
M0025,T049,2025-10-04 09:01:36.555099,Tyre,23449,18
M0026,T076,2025-10-21 09:01:36.555099,Oil Change,28852,14
M0027,T025,2026-09-16 09:01:36.555099,Electrical,27753,14
M0028,T026,2026-04-21 09:01:36.555099,Tyre,10897,30
M0029,T003,2026-04-13 09:01:36.555099,Electrical,28545,35
M0030,T064,2025-12-30 09:01:36.555099,Electrical,20009,23
M0031,T002,2026-05-01 09:01:36.556099,Oil Change,1681,12
M0032,T002,2026-03-09 09:01:36.556099,Electrical,23384,26
M0033,T099,2025-12-31 09:01:36.556099,Tyre,3338,41
M0034,T099,2026-04-09 09:01:36.556099,Brake,26821,45
M0035,T058,2026-01-05 09:01:36.556099,Tyre,21444,46
M0036,T024,2026-02-25 09:01:36.556099,Oil Change,21796,44
M0037,T027,2026-06-27 09:01:36.556099,Electrical,25283,22
M0038,T054,2026-05-20 09:01:36.556099,Tyre,7061,30
M0039,T064,2026-01-17 09:01:36.556099,Tyre,27043,12
M0040,T021,2026-03-17 09:01:36.556099,Electrical,6033,3
M0041,T054,2026-08-06 09:01:36.556099,Oil Change,12445,36
M0042,T011,2026-07-06 09:01:36.556099,Electrical,5385,3
M0043,T084,2026-03-12 09:01:36.556099,Electrical,24760,12
M0044,T020,2025-11-17 09:01:36.557099,Tyre,4834,6
M0045,T042,2026-02-18 09:01:36.557099,Brake,2377,11
M0046,T076,2026-04-07 09:01:36.557099,Tyre,25820,44
M0047,T090,2025-11-23 09:01:36.557099,Oil Change,8621,29
M0048,T032,2026-01-22 09:01:36.557099,Brake,22160,28
M0049,T023,2025-11-02 09:01:36.557099,Tyre,22760,13
M0050,T006,2026-02-08 09:01:36.557099,Oil Change,3490,23
M0051,T085,2026-05-07 09:01:36.557099,Electrical,17854,3
M0052,T083,2025-10-09 09:01:36.557099,Electrical,12129,8
M0053,T025,2026-06-04 09:01:36.557099,Engine,8308,43
M0054,T069,2026-08-27 09:01:36.557099,Engine,9932,38
M0055,T069,2026-05-25 09:01:36.557099,Brake,3104,43
M0056,T011,2026-06-18 09:01:36.557099,Brake,4092,13
M0057,T010,2026-03-10 09:01:36.557099,Tyre,17756,44
M0058,T015,2025-09-17 09:01:36.558099,Tyre,18639,11
M0059,T056,2025-12-12 09:01:36.558099,Oil Change,18556,33
M0060,T052,2026-04-17 09:01:36.558099,Engine,4407,39
M0061,T015,2025-12-19 09:01:36.558099,Tyre,9589,37
M0062,T069,2026-08-18 09:01:36.558099,Oil Change,11135,21
M0063,T097,2026-07-10 09:01:36.558099,Engine,2395,26
M0064,T023,2025-11-29 09:01:36.558099,Electrical,17312,30
M0065,T082,2025-12-22 09:01:36.558099,Oil Change,9013,22
M0066,T067,2026-04-02 09:01:36.558099,Oil Change,21899,27
M0067,T037,2026-02-24 09:01:36.558099,Tyre,26397,9
M0068,T077,2026-02-06 09:01:36.558099,Brake,8133,20
M0069,T085,2026-06-16 09:01:36.558099,Engine,21005,11
M0070,T092,2026-02-05 09:01:36.558099,Brake,6866,6
M0071,T025,2026-06-15 09:01:36.558099,Engine,11015,46
M0072,T009,2026-08-24 09:01:36.559099,Tyre,6344,41
M0073,T033,2025-12-18 09:01:36.559099,Brake,27078,9
M0074,T037,2026-01-11 09:01:36.559099,Electrical,29835,38
M0075,T099,2025-09-23 09:01:36.559099,Engine,3950,32
M0076,T079,2026-01-31 09:01:36.559099,Brake,28046,28
M0077,T076,2025-11-08 09:01:36.559099,Electrical,21085,19
M0078,T074,2025-09-28 09:01:36.559099,Electrical,4163,43
M0079,T021,2025-12-27 09:01:36.559099,Brake,4633,37
M0080,T003,2026-08-18 09:01:36.559099,Brake,29678,29
M0081,T055,2026-02-19 09:01:36.559099,Engine,25166,46
M0082,T096,2026-06-22 09:01:36.559099,Engine,3044,2
M0083,T045,2026-06-08 09:01:36.559099,Brake,18669,23
M0084,T025,2025-12-12 09:01:36.559099,Oil Change,7178,8
M0085,T001,2026-04-05 09:01:36.559099,Engine,11703,13
M0086,T035,2026-05-14 09:01:36.560099,Electrical,8698,37
M0087,T091,2026-09-16 09:01:36.560099,Tyre,19125,46
M0088,T021,2026-02-15 09:01:36.560099,Electrical,6600,44
M0089,T100,2025-12-01 09:01:36.560099,Electrical,3046,5
M0090,T058,2026-02-25 09:01:36.560099,Electrical,23855,29
M0091,T021,2026-01-25 09:01:36.560099,Oil Change,8997,16
M0092,T023,2025-12-06 09:01:36.560099,Brake,29901,34
M0093,T079,2026-03-03 09:01:36.560099,Brake,8028,32
M0094,T053,2026-08-05 09:01:36.560099,Electrical,12017,42
M0095,T015,2025-10-28 09:01:36.560099,Electrical,27585,27
M0096,T023,2026-02-25 09:01:36.560099,Oil Change,4432,17
M0097,T056,2025-12-08 09:01:36.560099,Tyre,26459,8
M0098,T001,2026-08-09 09:01:36.560099,Brake,6080,44
M0099,T065,2026-06-28 09:01:36.561099,Brake,8392,47
M0100,T078,2026-06-30 09:01:36.561099,Engine,23053,36
M0101,T066,2026-05-25 09:01:36.561099,Tyre,7122,31
M0102,T095,2025-11-13 09:01:36.561099,Engine,18313,32
M0103,T042,2025-09-19 09:01:36.561099,Engine,14305,32
M0104,T064,2026-03-03 09:01:36.561099,Engine,22320,4
M0105,T055,2025-10-29 09:01:36.561099,Tyre,28050,39
M0106,T022,2026-09-13 09:01:36.561099,Electrical,18126,8
M0107,T084,2026-05-03 09:01:36.561099,Brake,26241,6
M0108,T080,2026-07-13 09:01:36.561099,Oil Change,20880,30
M0109,T053,2026-07-19 09:01:36.561099,Oil Change,17487,46
M0110,T015,2026-03-20 09:01:36.561099,Electrical,14729,39
M0111,T069,2025-10-22 09:01:36.561099,Brake,18728,46
M0112,T039,2026-03-21 09:01:36.561099,Oil Change,6839,45
M0113,T003,2026-07-01 09:01:36.562099,Oil Change,13349,25
M0114,T090,2026-02-24 09:01:36.562099,Electrical,13598,12
M0115,T079,2026-03-19 09:01:36.562099,Electrical,28178,8
M0116,T018,2026-04-04 09:01:36.562099,Oil Change,7689,21
M0117,T079,2025-12-31 09:01:36.562099,Electrical,19530,12
M0118,T044,2026-04-03 09:01:36.562099,Brake,20737,19
M0119,T086,2026-02-06 09:01:36.562099,Engine,26034,30
M0120,T095,2026-04-17 09:01:36.562099,Brake,19983,40
M0121,T003,2026-02-01 09:01:36.562099,Tyre,21558,32
M0122,T019,2025-11-04 09:01:36.562099,Oil Change,14862,39
M0123,T039,2026-08-15 09:01:36.562099,Oil Change,19811,41
M0124,T051,2026-01-11 09:01:36.562099,Engine,19429,2
M0125,T071,2025-11-16 09:01:36.562099,Oil Change,11059,45
M0126,T088,2026-01-05 09:01:36.563099,Tyre,19322,24
M0127,T088,2025-11-04 09:01:36.563099,Electrical,10313,27
M0128,T036,2026-08-09 09:01:36.563099,Electrical,7341,40
M0129,T065,2026-04-15 09:01:36.563099,Engine,14466,31
M0130,T032,2026-04-22 09:01:36.563099,Oil Change,18006,42
M0131,T044,2026-06-03 09:01:36.563099,Oil Change,25021,39
M0132,T069,2025-12-17 09:01:36.563099,Engine,13478,20
M0133,T100,2025-11-21 09:01:36.563099,Electrical,1916,18
M0134,T038,2026-04-08 09:01:36.563099,Engine,26963,40
M0135,T022,2025-10-12 09:01:36.563099,Electrical,27417,27
M0136,T002,2026-04-02 09:01:36.563099,Brake,4875,4
M0137,T021,2026-02-24 09:01:36.563099,Brake,16030,4
M0138,T051,2026-02-24 09:01:36.563099,Tyre,19116,40
M0139,T008,2026-09-07 09:01:36.563099,Electrical,6870,19
M0140,T069,2026-05-10 09:01:36.564099,Tyre,18042,8
M0141,T099,2026-05-26 09:01:36.564099,Engine,19228,36
M0142,T074,2025-12-06 09:01:36.564099,Brake,29669,44
M0143,T006,2026-04-01 09:01:36.564099,Oil Change,10998,44
M0144,T070,2025-12-08 09:01:36.564099,Brake,21278,40
M0145,T095,2026-01-17 09:01:36.564099,Tyre,28309,8
M0146,T071,2026-03-23 09:01:36.564099,Oil Change,29360,17
M0147,T002,2026-07-02 09:01:36.565112,Oil Change,26831,25
M0148,T002,2026-08-23 09:01:36.565112,Engine,7974,4
M0149,T087,2026-03-24 09:01:36.565112,Oil Change,25896,45
M0150,T052,2026-07-26 09:01:36.565112,Electrical,29489,40
M0151,T046,2025-10-21 09:01:36.565112,Brake,1566,24
M0152,T050,2026-04-20 09:01:36.565112,Engine,19283,18
M0153,T099,2025-12-01 09:01:36.565112,Brake,28048,30
M0154,T070,2025-10-11 09:01:36.565666,Tyre,15155,30
M0155,T073,2026-08-21 09:01:36.565666,Electrical,25942,32
M0156,T093,2026-09-07 09:01:36.565666,Engine,18393,32
M0157,T021,2026-02-16 09:01:36.565666,Engine,2023,9
M0158,T081,2026-06-04 09:01:36.565666,Oil Change,13201,46
M0159,T016,2026-08-23 09:01:36.565666,Brake,9892,20
M0160,T039,2026-05-10 09:01:36.565666,Brake,20708,40
M0161,T006,2026-02-27 09:01:36.565666,Oil Change,9986,44
M0162,T044,2026-02-12 09:01:36.565666,Electrical,14135,25
M0163,T022,2026-04-15 09:01:36.565666,Engine,13380,11
M0164,T100,2026-07-14 09:01:36.565666,Engine,11603,24
M0165,T079,2025-11-15 09:01:36.565666,Oil Change,29581,32
M0166,T018,2026-04-08 09:01:36.565666,Oil Change,26169,13
M0167,T024,2026-06-16 09:01:36.565666,Engine,20955,2
M0168,T043,2026-05-19 09:01:36.566751,Brake,21814,43
M0169,T085,2026-04-19 09:01:36.566751,Oil Change,26989,3
M0170,T034,2026-01-04 09:01:36.566751,Tyre,16741,26
M0171,T039,2025-12-13 09:01:36.566751,Tyre,23437,22
M0172,T048,2025-11-15 09:01:36.566751,Brake,20686,29
M0173,T042,2026-06-21 09:01:36.566751,Engine,28790,16
M0174,T069,2026-05-24 09:01:36.566751,Tyre,1200,33
M0175,T011,2026-07-08 09:01:36.566751,Tyre,11912,48
M0176,T045,2026-05-28 09:01:36.566751,Engine,6446,46
M0177,T077,2026-08-19 09:01:36.566751,Engine,25281,17
M0178,T051,2026-07-13 09:01:36.566751,Brake,3995,6
M0179,T092,2026-01-18 09:01:36.566751,Brake,26519,42
M0180,T019,2025-10-27 09:01:36.566751,Oil Change,17208,12
M0181,T055,2026-05-01 09:01:36.566751,Electrical,22054,36
M0182,T094,2026-05-13 09:01:36.567743,Electrical,12354,37
M0183,T042,2025-09-17 09:01:36.567743,Tyre,19158,22
M0184,T022,2026-06-16 09:01:36.567743,Electrical,22908,21
M0185,T022,2025-10-03 09:01:36.567743,Tyre,5585,47
M0186,T041,2026-07-27 09:01:36.567743,Oil Change,4789,34
M0187,T042,2026-01-09 09:01:36.567743,Tyre,21150,7
M0188,T058,2026-08-13 09:01:36.567743,Engine,12009,5
M0189,T068,2025-10-25 09:01:36.567743,Engine,12903,21
M0190,T077,2026-07-31 09:01:36.567743,Tyre,15687,31
M0191,T040,2026-05-02 09:01:36.567743,Oil Change,8547,25
M0192,T082,2026-05-30 09:01:36.567743,Tyre,26309,11
M0193,T039,2026-02-04 09:01:36.567743,Electrical,24979,48
M0194,T038,2026-07-21 09:01:36.567743,Oil Change,4902,24
M0195,T075,2026-04-16 09:01:36.567743,Electrical,16055,14
M0196,T034,2026-04-21 09:01:36.568743,Electrical,7657,4
M0197,T043,2026-05-21 09:01:36.568743,Oil Change,17729,36
M0198,T004,2026-05-26 09:01:36.568743,Brake,5089,35
M0199,T028,2026-02-13 09:01:36.568743,Engine,29634,6
M0200,T089,2026-06-06 09:01:36.568743,Brake,28049,43
M0201,T067,2025-11-13 09:01:36.568743,Brake,14995,4
M0202,T066,2026-01-17 09:01:36.568743,Electrical,18529,13
M0203,T072,2026-08-13 09:01:36.568743,Tyre,27031,13
M0204,T062,2025-12-12 09:01:36.568743,Oil Change,7432,2
M0205,T037,2025-12-06 09:01:36.568743,Oil Change,7027,22
M0206,T088,2026-08-15 09:01:36.568743,Tyre,6948,9
M0207,T057,2025-09-27 09:01:36.568743,Tyre,14388,22
M0208,T085,2026-05-31 09:01:36.568743,Tyre,24885,16
M0209,T062,2025-12-28 09:01:36.568743,Engine,4326,34
M0210,T073,2026-07-24 09:01:36.569743,Tyre,14921,45
M0211,T062,2026-06-12 09:01:36.569743,Tyre,10149,26
M0212,T064,2026-08-03 09:01:36.569743,Oil Change,15506,26
M0213,T021,2025-11-17 09:01:36.569743,Oil Change,20295,6
M0214,T040,2026-05-25 09:01:36.569743,Brake,27661,27
M0215,T018,2025-11-20 09:01:36.569743,Electrical,19860,18
M0216,T049,2025-10-29 09:01:36.569743,Oil Change,9584,23
M0217,T007,2025-11-08 09:01:36.569743,Electrical,19845,39
M0218,T004,2025-09-28 09:01:36.569743,Engine,4675,5
M0219,T069,2025-11-16 09:01:36.569743,Electrical,12150,32
M0220,T030,2025-11-25 09:01:36.569743,Engine,18409,16
M0221,T088,2025-09-19 09:01:36.569743,Tyre,6364,8
M0222,T091,2026-08-04 09:01:36.569743,Electrical,20478,28
M0223,T085,2025-12-23 09:01:36.569743,Tyre,10420,12
M0224,T084,2026-04-19 09:01:36.570743,Oil Change,10074,34
M0225,T100,2025-12-26 09:01:36.570743,Tyre,21291,44
M0226,T079,2026-01-25 09:01:36.570743,Electrical,13147,30
M0227,T022,2025-12-03 09:01:36.570743,Tyre,27997,33
M0228,T043,2025-10-26 09:01:36.570743,Electrical,12420,35
M0229,T017,2025-12-25 09:01:36.570743,Engine,28609,39
M0230,T007,2026-06-17 09:01:36.570743,Brake,3341,30
M0231,T096,2025-11-22 09:01:36.570743,Oil Change,24957,36
M0232,T078,2025-10-13 09:01:36.570743,Engine,27869,10
M0233,T039,2025-12-20 09:01:36.570743,Electrical,7145,42
M0234,T078,2026-01-28 09:01:36.570743,Engine,16142,2
M0235,T043,2025-11-23 09:01:36.570743,Electrical,10805,18
M0236,T043,2026-07-28 09:01:36.570743,Tyre,27044,15
M0237,T055,2026-01-05 09:01:36.571743,Brake,18140,27
M0238,T067,2026-07-25 09:01:36.571743,Engine,6971,48
M0239,T028,2025-10-25 09:01:36.571743,Engine,7878,35
M0240,T065,2026-03-26 09:01:36.571743,Oil Change,28817,36
M0241,T015,2026-08-06 09:01:36.571743,Electrical,9053,41
M0242,T063,2025-12-15 09:01:36.571743,Engine,10014,23
M0243,T074,2026-09-11 09:01:36.571743,Engine,25179,41
M0244,T085,2025-11-27 09:01:36.571743,Brake,28308,8
M0245,T057,2026-01-20 09:01:36.571743,Electrical,2539,25
M0246,T041,2026-07-03 09:01:36.571743,Electrical,29227,29
M0247,T055,2025-11-21 09:01:36.571743,Brake,8242,25
M0248,T012,2025-10-30 09:01:36.571743,Tyre,25396,34
M0249,T069,2026-09-06 09:01:36.571743,Oil Change,25543,2
M0250,T099,2025-10-09 09:01:36.571743,Tyre,7394,10
M0251,T087,2026-02-26 09:01:36.572743,Engine,25449,9
M0252,T016,2025-11-26 09:01:36.572743,Brake,26797,39
M0253,T011,2026-09-11 09:01:36.572743,Brake,29103,36
M0254,T017,2025-11-27 09:01:36.572743,Oil Change,11072,10
M0255,T083,2026-04-08 09:01:36.572743,Tyre,4973,17
M0256,T093,2026-02-10 09:01:36.572743,Engine,19807,5
M0257,T089,2025-12-19 09:01:36.572743,Tyre,28077,36
M0258,T013,2026-01-02 09:01:36.572743,Engine,2399,20
M0259,T042,2026-08-16 09:01:36.572743,Brake,10808,15
M0260,T092,2026-01-23 09:01:36.572743,Brake,14122,6
M0261,T044,2025-09-25 09:01:36.572743,Electrical,17259,15
M0262,T049,2026-02-23 09:01:36.572743,Brake,15413,7
M0263,T028,2025-09-28 09:01:36.572743,Tyre,17700,48
M0264,T077,2026-02-23 09:01:36.572743,Electrical,9039,15
M0265,T046,2026-05-16 09:01:36.572743,Electrical,2977,47
M0266,T001,2025-10-31 09:01:36.573743,Tyre,18843,22
M0267,T097,2026-02-08 09:01:36.573743,Engine,13016,42
M0268,T038,2026-01-29 09:01:36.573743,Brake,3816,43
M0269,T043,2026-03-03 09:01:36.573743,Oil Change,8844,39
M0270,T063,2025-11-30 09:01:36.573743,Brake,12700,24
M0271,T015,2026-07-27 09:01:36.573743,Oil Change,10508,17
M0272,T051,2025-10-04 09:01:36.573743,Electrical,2395,44
M0273,T018,2025-12-30 09:01:36.573743,Brake,16451,33
M0274,T024,2026-01-26 09:01:36.573743,Engine,29025,12
M0275,T070,2025-11-16 09:01:36.573743,Oil Change,26090,43
M0276,T049,2026-02-19 09:01:36.573743,Engine,12243,17
M0277,T038,2026-06-18 09:01:36.573743,Electrical,3693,26
M0278,T033,2026-05-08 09:01:36.573743,Engine,27771,47
M0279,T088,2026-02-17 09:01:36.574743,Engine,2145,8
M0280,T080,2025-09-25 09:01:36.574743,Oil Change,11594,42
M0281,T027,2026-03-29 09:01:36.574743,Electrical,29580,42
M0282,T039,2026-02-19 09:01:36.574743,Tyre,2404,25
M0283,T016,2026-08-28 09:01:36.574743,Brake,22930,37
M0284,T070,2026-09-16 09:01:36.574743,Brake,17069,15
M0285,T002,2026-05-04 09:01:36.574743,Brake,16945,28
M0286,T027,2026-02-12 09:01:36.574743,Brake,29089,34
M0287,T014,2026-05-05 09:01:36.574743,Tyre,23165,19
M0288,T059,2026-07-19 09:01:36.574743,Electrical,25739,39
M0289,T030,2025-11-17 09:01:36.574743,Tyre,27025,15
M0290,T003,2025-11-26 09:01:36.574743,Oil Change,19845,4
M0291,T054,2026-01-06 09:01:36.574743,Oil Change,9523,46
M0292,T097,2025-10-14 09:01:36.574743,Electrical,21535,46
M0293,T001,2025-11-29 09:01:36.575748,Brake,6673,34
M0294,T069,2026-04-27 09:01:36.575748,Electrical,17683,31
M0295,T098,2026-05-01 09:01:36.575748,Tyre,25720,24
M0296,T015,2025-09-20 09:01:36.575748,Brake,28235,23
M0297,T069,2026-01-27 09:01:36.575748,Brake,28717,33
M0298,T016,2026-01-27 09:01:36.575748,Tyre,7440,3
M0299,T083,2026-02-11 09:01:36.575748,Electrical,19348,9
M0300,T014,2026-03-04 09:01:36.575748,Tyre,26416,48
M0301,T099,2026-08-30 09:01:36.575748,Brake,10996,15
M0302,T076,2026-01-02 09:01:36.575748,Electrical,3130,34
M0303,T064,2026-06-03 09:01:36.575748,Electrical,16397,30
M0304,T084,2026-03-17 09:01:36.575748,Electrical,8289,48
M0305,T030,2026-05-30 09:01:36.575748,Oil Change,10304,32
M0306,T058,2026-09-09 09:01:36.576745,Tyre,4089,16
M0307,T092,2026-09-12 09:01:36.576745,Electrical,1408,41
M0308,T015,2026-03-22 09:01:36.576745,Brake,17798,42
M0309,T054,2026-09-05 09:01:36.576745,Brake,18856,10
M0310,T051,2026-07-10 09:01:36.576745,Tyre,9667,12
M0311,T006,2026-05-05 09:01:36.576745,Engine,22469,12
M0312,T030,2026-08-04 09:01:36.576745,Electrical,2141,48
M0313,T084,2026-03-18 09:01:36.576745,Oil Change,16133,10
M0314,T001,2026-05-02 09:01:36.576745,Tyre,3172,3
M0315,T008,2025-09-19 09:01:36.576745,Oil Change,23592,39
M0316,T091,2026-04-30 09:01:36.576745,Engine,19514,15
M0317,T021,2026-05-01 09:01:36.576745,Tyre,26584,17
M0318,T071,2025-10-22 09:01:36.576745,Engine,2949,41
M0319,T062,2025-11-05 09:01:36.577743,Tyre,4237,42
M0320,T019,2026-07-05 09:01:36.577743,Tyre,18825,31
M0321,T004,2025-11-20 09:01:36.577743,Electrical,16553,11
M0322,T096,2026-03-01 09:01:36.577743,Tyre,29362,38
M0323,T053,2026-06-04 09:01:36.577743,Brake,6814,25
M0324,T011,2026-01-06 09:01:36.577743,Tyre,26999,11
M0325,T024,2026-04-21 09:01:36.577743,Engine,9684,46
M0326,T083,2025-10-07 09:01:36.577743,Brake,6648,28
M0327,T013,2026-07-23 09:01:36.577743,Electrical,28146,41
M0328,T007,2026-08-29 09:01:36.577743,Brake,11009,26
M0329,T068,2026-02-08 09:01:36.577743,Engine,23529,26
M0330,T028,2026-08-22 09:01:36.577743,Oil Change,1393,11
M0331,T070,2026-02-24 09:01:36.577743,Oil Change,23756,43
M0332,T022,2026-08-19 09:01:36.577743,Brake,26527,4
M0333,T005,2025-11-16 09:01:36.578743,Tyre,26540,17
M0334,T051,2026-02-16 09:01:36.578743,Brake,3296,38
M0335,T047,2026-06-08 09:01:36.578743,Oil Change,18816,39
M0336,T004,2026-09-11 09:01:36.578743,Tyre,16232,32
M0337,T078,2026-04-09 09:01:36.578743,Engine,2963,8
M0338,T064,2026-05-15 09:01:36.578743,Brake,11929,38
M0339,T002,2026-09-03 09:01:36.578743,Oil Change,8084,41
M0340,T060,2026-08-02 09:01:36.578743,Brake,25662,4
M0341,T084,2026-01-28 09:01:36.578743,Brake,6250,7
M0342,T014,2026-06-04 09:01:36.578743,Electrical,27640,26
M0343,T073,2026-08-26 09:01:36.578743,Electrical,16486,6
M0344,T084,2026-03-01 09:01:36.578743,Oil Change,5670,13
M0345,T016,2026-09-04 09:01:36.578743,Tyre,11361,47
M0346,T100,2026-04-26 09:01:36.578743,Oil Change,26963,9
M0347,T064,2026-07-22 09:01:36.579743,Electrical,6478,37
M0348,T009,2026-01-17 09:01:36.579743,Engine,15902,18
M0349,T040,2026-05-14 09:01:36.579743,Oil Change,2762,11
M0350,T029,2026-04-15 09:01:36.579743,Tyre,29076,10
M0351,T024,2026-03-16 09:01:36.579743,Brake,4042,43
M0352,T051,2026-09-09 09:01:36.579743,Brake,12217,13
M0353,T028,2025-11-20 09:01:36.579743,Tyre,25750,7
M0354,T019,2025-10-11 09:01:36.580746,Engine,20114,19
M0355,T040,2026-01-31 09:01:36.580746,Oil Change,29944,13
M0356,T049,2025-11-05 09:01:36.580746,Engine,7823,45
M0357,T024,2026-02-13 09:01:36.580746,Tyre,11348,8
M0358,T029,2026-07-12 09:01:36.580746,Oil Change,14401,7
M0359,T084,2026-01-21 09:01:36.580746,Electrical,27815,21
M0360,T093,2025-12-05 09:01:36.580746,Engine,23188,10
M0361,T035,2026-03-24 09:01:36.580746,Tyre,20147,36
M0362,T045,2026-07-21 09:01:36.580746,Oil Change,2214,10
M0363,T014,2026-07-24 09:01:36.580746,Electrical,22869,9
M0364,T041,2025-12-16 09:01:36.580746,Electrical,28577,7
M0365,T022,2026-02-08 09:01:36.580746,Electrical,29863,27
M0366,T097,2025-09-22 09:01:36.580746,Tyre,25002,40
M0367,T069,2026-02-17 09:01:36.580746,Tyre,16694,37
M0368,T055,2025-12-27 09:01:36.581743,Oil Change,5158,15
M0369,T060,2026-03-06 09:01:36.581743,Engine,1316,34
M0370,T068,2026-05-02 09:01:36.581743,Tyre,15948,18
M0371,T004,2025-12-29 09:01:36.581743,Brake,15362,44
M0372,T072,2026-08-02 09:01:36.581743,Electrical,4589,38
M0373,T005,2026-01-08 09:01:36.581743,Tyre,21306,38
M0374,T017,2026-08-04 09:01:36.581743,Oil Change,10855,4
M0375,T007,2026-02-22 09:01:36.581743,Electrical,25149,48
M0376,T098,2025-12-20 09:01:36.581743,Brake,13879,40
M0377,T094,2025-10-31 09:01:36.581743,Brake,28315,14
M0378,T042,2026-05-22 09:01:36.581743,Tyre,18705,19
M0379,T066,2026-02-05 09:01:36.581743,Tyre,15714,4
M0380,T065,2026-06-28 09:01:36.581743,Engine,8340,38
M0381,T068,2026-02-18 09:01:36.581743,Tyre,9988,29
M0382,T024,2026-07-03 09:01:36.581743,Engine,6510,6
M0383,T022,2026-06-06 09:01:36.582910,Oil Change,23489,11
M0384,T002,2026-03-17 09:01:36.582910,Tyre,1048,15
M0385,T098,2026-05-28 09:01:36.582910,Engine,2997,3
M0386,T003,2025-12-10 09:01:36.582910,Electrical,13350,17
M0387,T038,2026-02-22 09:01:36.582910,Oil Change,8840,39
M0388,T015,2025-11-07 09:01:36.582910,Engine,1110,35
M0389,T067,2025-11-28 09:01:36.582910,Electrical,3948,9
M0390,T033,2026-07-18 09:01:36.582910,Oil Change,27159,2
M0391,T003,2025-11-24 09:01:36.582910,Engine,13598,38
M0392,T097,2025-10-30 09:01:36.582910,Brake,27882,17
M0393,T018,2025-10-01 09:01:36.582910,Oil Change,7604,31
M0394,T095,2025-11-23 09:01:36.582910,Electrical,26340,38
M0395,T094,2026-01-24 09:01:36.582910,Electrical,2465,26
M0396,T002,2025-12-13 09:01:36.582910,Tyre,10837,36
M0397,T011,2025-12-10 09:01:36.584170,Oil Change,16729,18
M0398,T050,2026-05-14 09:01:36.584170,Engine,2660,3
M0399,T077,2025-11-19 09:01:36.584170,Electrical,10087,45
M0400,T029,2026-05-12 09:01:36.584170,Oil Change,4890,8
M0401,T093,2026-05-14 09:01:36.584170,Oil Change,3702,8
M0402,T067,2026-08-04 09:01:36.584170,Tyre,4029,44
M0403,T078,2025-12-06 09:01:36.584170,Tyre,23750,18
M0404,T043,2026-01-03 09:01:36.584170,Brake,25878,38
M0405,T040,2026-07-02 09:01:36.584170,Engine,7196,42
M0406,T034,2025-10-11 09:01:36.584170,Engine,3241,25
M0407,T027,2026-04-04 09:01:36.584170,Brake,10100,28
M0408,T053,2026-09-01 09:01:36.584170,Oil Change,11539,26
M0409,T074,2025-11-10 09:01:36.584170,Electrical,9204,20
M0410,T075,2025-09-21 09:01:36.584170,Tyre,29286,27
M0411,T056,2026-02-02 09:01:36.585167,Brake,24465,5
M0412,T013,2026-08-18 09:01:36.585167,Electrical,5520,19
M0413,T083,2026-09-08 09:01:36.585167,Brake,24145,36
M0414,T012,2025-09-29 09:01:36.585167,Electrical,5987,10
M0415,T084,2026-05-26 09:01:36.585167,Electrical,15638,40
M0416,T099,2026-04-22 09:01:36.585167,Engine,5891,27
M0417,T019,2026-08-30 09:01:36.585167,Electrical,12359,34
M0418,T009,2026-01-05 09:01:36.585167,Tyre,23571,22
M0419,T018,2026-01-20 09:01:36.585167,Brake,26875,24
M0420,T082,2026-06-10 09:01:36.585167,Oil Change,11209,12
M0421,T029,2026-03-24 09:01:36.585167,Oil Change,1570,2
M0422,T038,2026-08-03 09:01:36.585167,Brake,21308,8
M0423,T099,2025-12-04 09:01:36.585167,Brake,19076,46
M0424,T043,2026-07-24 09:01:36.585167,Electrical,4807,45
M0425,T054,2026-08-12 09:01:36.586166,Brake,26765,42
M0426,T042,2026-03-23 09:01:36.586166,Electrical,1586,20
M0427,T086,2026-02-25 09:01:36.586166,Engine,29946,4
M0428,T008,2026-01-22 09:01:36.586166,Electrical,6665,16
M0429,T008,2026-05-04 09:01:36.586166,Oil Change,14382,3
M0430,T007,2026-08-04 09:01:36.586166,Brake,19401,17
M0431,T067,2026-07-05 09:01:36.586166,Oil Change,3839,3
M0432,T012,2026-06-19 09:01:36.586166,Brake,5166,38
M0433,T095,2025-10-30 09:01:36.586166,Oil Change,3249,24
M0434,T012,2026-07-14 09:01:36.586166,Engine,22458,18
M0435,T069,2026-03-09 09:01:36.586166,Engine,17310,29
M0436,T056,2026-04-03 09:01:36.586166,Brake,27702,48
M0437,T097,2026-05-07 09:01:36.586166,Tyre,13511,48
M0438,T006,2026-04-13 09:01:36.586166,Brake,5729,30
M0439,T054,2026-05-27 09:01:36.587166,Tyre,13544,3
M0440,T014,2025-11-02 09:01:36.587166,Engine,11908,17
M0441,T001,2026-03-13 09:01:36.587166,Oil Change,24566,42
M0442,T027,2026-04-11 09:01:36.587166,Oil Change,28700,11
M0443,T034,2026-05-19 09:01:36.587166,Tyre,19295,28
M0444,T011,2026-01-08 09:01:36.587166,Oil Change,18522,12
M0445,T021,2026-04-07 09:01:36.587166,Engine,25558,45
M0446,T017,2026-01-25 09:01:36.587166,Brake,13918,30
M0447,T001,2025-12-30 09:01:36.587166,Oil Change,28764,28
M0448,T091,2026-03-02 09:01:36.587166,Tyre,23897,27
M0449,T020,2026-07-12 09:01:36.587166,Tyre,3509,41
M0450,T057,2026-02-19 09:01:36.587166,Electrical,15483,34
M0451,T035,2025-11-01 09:01:36.587166,Tyre,16509,31
M0452,T011,2025-10-12 09:01:36.587166,Brake,19945,5
M0453,T082,2026-06-02 09:01:36.588166,Tyre,1492,4
M0454,T053,2026-07-23 09:01:36.588166,Electrical,10938,34
M0455,T073,2026-01-12 09:01:36.588166,Tyre,5770,10
M0456,T031,2026-04-09 09:01:36.588166,Tyre,27597,15
M0457,T040,2026-08-20 09:01:36.588166,Tyre,24791,28
M0458,T095,2026-03-07 09:01:36.588166,Electrical,5992,9
M0459,T020,2026-08-03 09:01:36.588166,Tyre,26907,42
M0460,T056,2026-05-10 09:01:36.588166,Electrical,25191,24
M0461,T021,2026-03-18 09:01:36.588166,Tyre,19836,13
M0462,T003,2026-02-24 09:01:36.588166,Tyre,27248,20
M0463,T083,2026-08-02 09:01:36.588166,Engine,4312,44
M0464,T091,2025-11-07 09:01:36.588166,Oil Change,26366,14
M0465,T070,2025-12-09 09:01:36.588166,Engine,18406,11
M0466,T060,2026-05-12 09:01:36.589166,Engine,29087,44
M0467,T055,2026-05-20 09:01:36.589166,Tyre,8384,23
M0468,T087,2025-11-20 09:01:36.589166,Tyre,17398,34
M0469,T023,2026-08-14 09:01:36.589166,Electrical,17935,19
M0470,T076,2026-02-14 09:01:36.589166,Electrical,1760,27
M0471,T052,2026-05-07 09:01:36.589166,Engine,12380,8
M0472,T013,2026-08-25 09:01:36.589166,Brake,3985,12
M0473,T048,2026-04-10 09:01:36.589166,Brake,22512,19
M0474,T011,2026-06-13 09:01:36.589166,Brake,29285,3
M0475,T016,2025-09-19 09:01:36.589166,Oil Change,2669,21
M0476,T079,2025-12-20 09:01:36.589166,Oil Change,1137,17
M0477,T064,2026-07-06 09:01:36.589166,Engine,24380,48
M0478,T083,2026-01-01 09:01:36.589166,Oil Change,2732,5
M0479,T026,2026-06-25 09:01:36.589166,Engine,23900,14
M0480,T014,2025-11-16 09:01:36.590166,Oil Change,19047,39
M0481,T080,2025-11-11 09:01:36.590166,Engine,3627,7
M0482,T036,2026-08-31 09:01:36.590166,Engine,7876,21
M0483,T061,2026-07-19 09:01:36.590166,Brake,4504,46
M0484,T064,2026-07-28 09:01:36.590166,Electrical,27956,31
M0485,T098,2025-10-18 09:01:36.590166,Electrical,14596,4
M0486,T100,2026-07-25 09:01:36.590166,Oil Change,29970,11
M0487,T098,2026-03-19 09:01:36.590166,Electrical,25617,5
M0488,T093,2025-12-31 09:01:36.590166,Tyre,4228,39
M0489,T083,2026-04-24 09:01:36.590166,Oil Change,27918,35
M0490,T043,2026-03-14 09:01:36.590166,Engine,21600,9
M0491,T010,2026-06-03 09:01:36.590166,Oil Change,12164,16
M0492,T044,2025-12-19 09:01:36.590166,Brake,24139,9
M0493,T003,2026-01-18 09:01:36.590166,Brake,19288,35
M0494,T087,2026-02-01 09:01:36.591166,Electrical,25401,2
M0495,T061,2026-07-08 09:01:36.591166,Oil Change,20619,5
M0496,T092,2026-05-23 09:01:36.591166,Oil Change,4668,28
M0497,T014,2026-02-10 09:01:36.591166,Engine,19105,46
M0498,T066,2026-07-22 09:01:36.591166,Electrical,16400,11
M0499,T017,2026-06-05 09:01:36.591166,Electrical,29806,39
M0500,T082,2026-03-04 09:01:36.591166,Tyre,16765,33
